[{"name":"ADD_PLAYLIST_QUEUE","description":"com.example.musicmanager.SongPlayerService.Actions.ADD_PLAYLIST_QUEUE","location":"app/com.example.musicmanager/-song-player-service/-actions/-a-d-d_-p-l-a-y-l-i-s-t_-q-u-e-u-e/index.html","searchKeys":["ADD_PLAYLIST_QUEUE","ADD_PLAYLIST_QUEUE","com.example.musicmanager.SongPlayerService.Actions.ADD_PLAYLIST_QUEUE"]},{"name":"ADD_SONG_QUEUE","description":"com.example.musicmanager.SongPlayerService.Actions.ADD_SONG_QUEUE","location":"app/com.example.musicmanager/-song-player-service/-actions/-a-d-d_-s-o-n-g_-q-u-e-u-e/index.html","searchKeys":["ADD_SONG_QUEUE","ADD_SONG_QUEUE","com.example.musicmanager.SongPlayerService.Actions.ADD_SONG_QUEUE"]},{"name":"NEXT","description":"com.example.musicmanager.SongPlayerService.Actions.NEXT","location":"app/com.example.musicmanager/-song-player-service/-actions/-n-e-x-t/index.html","searchKeys":["NEXT","NEXT","com.example.musicmanager.SongPlayerService.Actions.NEXT"]},{"name":"PAUSE","description":"com.example.musicmanager.SongPlayerService.Actions.PAUSE","location":"app/com.example.musicmanager/-song-player-service/-actions/-p-a-u-s-e/index.html","searchKeys":["PAUSE","PAUSE","com.example.musicmanager.SongPlayerService.Actions.PAUSE"]},{"name":"PLAY","description":"com.example.musicmanager.SongPlayerService.Actions.PLAY","location":"app/com.example.musicmanager/-song-player-service/-actions/-p-l-a-y/index.html","searchKeys":["PLAY","PLAY","com.example.musicmanager.SongPlayerService.Actions.PLAY"]},{"name":"PREVIOUS","description":"com.example.musicmanager.SongPlayerService.Actions.PREVIOUS","location":"app/com.example.musicmanager/-song-player-service/-actions/-p-r-e-v-i-o-u-s/index.html","searchKeys":["PREVIOUS","PREVIOUS","com.example.musicmanager.SongPlayerService.Actions.PREVIOUS"]},{"name":"START_SONG","description":"com.example.musicmanager.SongPlayerService.Actions.START_SONG","location":"app/com.example.musicmanager/-song-player-service/-actions/-s-t-a-r-t_-s-o-n-g/index.html","searchKeys":["START_SONG","START_SONG","com.example.musicmanager.SongPlayerService.Actions.START_SONG"]},{"name":"STOP","description":"com.example.musicmanager.SongPlayerService.Actions.STOP","location":"app/com.example.musicmanager/-song-player-service/-actions/-s-t-o-p/index.html","searchKeys":["STOP","STOP","com.example.musicmanager.SongPlayerService.Actions.STOP"]},{"name":"STOP_SERVICE","description":"com.example.musicmanager.SongPlayerService.Actions.STOP_SERVICE","location":"app/com.example.musicmanager/-song-player-service/-actions/-s-t-o-p_-s-e-r-v-i-c-e/index.html","searchKeys":["STOP_SERVICE","STOP_SERVICE","com.example.musicmanager.SongPlayerService.Actions.STOP_SERVICE"]},{"name":"abstract class AppDatabase : RoomDatabase","description":"com.example.musicmanager.database.AppDatabase","location":"app/com.example.musicmanager.database/-app-database/index.html","searchKeys":["AppDatabase","abstract class AppDatabase : RoomDatabase","com.example.musicmanager.database.AppDatabase"]},{"name":"abstract fun albumDao(): AlbumDao","description":"com.example.musicmanager.database.AppDatabase.albumDao","location":"app/com.example.musicmanager.database/-app-database/album-dao.html","searchKeys":["albumDao","abstract fun albumDao(): AlbumDao","com.example.musicmanager.database.AppDatabase.albumDao"]},{"name":"abstract fun authDataDao(): AuthDataDao","description":"com.example.musicmanager.database.AppDatabase.authDataDao","location":"app/com.example.musicmanager.database/-app-database/auth-data-dao.html","searchKeys":["authDataDao","abstract fun authDataDao(): AuthDataDao","com.example.musicmanager.database.AppDatabase.authDataDao"]},{"name":"abstract fun delete(album: Album)","description":"com.example.musicmanager.database.dao.AlbumDao.delete","location":"app/com.example.musicmanager.database.dao/-album-dao/delete.html","searchKeys":["delete","abstract fun delete(album: Album)","com.example.musicmanager.database.dao.AlbumDao.delete"]},{"name":"abstract fun delete(songAlbumCross: SongAlbumCross)","description":"com.example.musicmanager.database.dao.SongAlbumCrossDao.delete","location":"app/com.example.musicmanager.database.dao/-song-album-cross-dao/delete.html","searchKeys":["delete","abstract fun delete(songAlbumCross: SongAlbumCross)","com.example.musicmanager.database.dao.SongAlbumCrossDao.delete"]},{"name":"abstract fun getAllAlbums(): LiveData<List<Album>>","description":"com.example.musicmanager.database.dao.AlbumDao.getAllAlbums","location":"app/com.example.musicmanager.database.dao/-album-dao/get-all-albums.html","searchKeys":["getAllAlbums","abstract fun getAllAlbums(): LiveData<List<Album>>","com.example.musicmanager.database.dao.AlbumDao.getAllAlbums"]},{"name":"abstract fun getAllSongAlbums(): LiveData<List<SongAlbumCross>>","description":"com.example.musicmanager.database.dao.SongAlbumCrossDao.getAllSongAlbums","location":"app/com.example.musicmanager.database.dao/-song-album-cross-dao/get-all-song-albums.html","searchKeys":["getAllSongAlbums","abstract fun getAllSongAlbums(): LiveData<List<SongAlbumCross>>","com.example.musicmanager.database.dao.SongAlbumCrossDao.getAllSongAlbums"]},{"name":"abstract fun getAllSongs(): LiveData<List<Song>>","description":"com.example.musicmanager.database.dao.SongDao.getAllSongs","location":"app/com.example.musicmanager.database.dao/-song-dao/get-all-songs.html","searchKeys":["getAllSongs","abstract fun getAllSongs(): LiveData<List<Song>>","com.example.musicmanager.database.dao.SongDao.getAllSongs"]},{"name":"abstract fun getAuthData(): AuthData","description":"com.example.musicmanager.database.dao.AuthDataDao.getAuthData","location":"app/com.example.musicmanager.database.dao/-auth-data-dao/get-auth-data.html","searchKeys":["getAuthData","abstract fun getAuthData(): AuthData","com.example.musicmanager.database.dao.AuthDataDao.getAuthData"]},{"name":"abstract fun getByName(name: String): LiveData<List<Album>>","description":"com.example.musicmanager.database.dao.AlbumDao.getByName","location":"app/com.example.musicmanager.database.dao/-album-dao/get-by-name.html","searchKeys":["getByName","abstract fun getByName(name: String): LiveData<List<Album>>","com.example.musicmanager.database.dao.AlbumDao.getByName"]},{"name":"abstract fun getByQuery(query: String): LiveData<List<Song>>","description":"com.example.musicmanager.database.dao.SongDao.getByQuery","location":"app/com.example.musicmanager.database.dao/-song-dao/get-by-query.html","searchKeys":["getByQuery","abstract fun getByQuery(query: String): LiveData<List<Song>>","com.example.musicmanager.database.dao.SongDao.getByQuery"]},{"name":"abstract fun getSongsOfAlbum(albumId: Int): LiveData<List<Song>>","description":"com.example.musicmanager.database.dao.SongAlbumCrossDao.getSongsOfAlbum","location":"app/com.example.musicmanager.database.dao/-song-album-cross-dao/get-songs-of-album.html","searchKeys":["getSongsOfAlbum","abstract fun getSongsOfAlbum(albumId: Int): LiveData<List<Song>>","com.example.musicmanager.database.dao.SongAlbumCrossDao.getSongsOfAlbum"]},{"name":"abstract fun getStepCount(): LiveData<StepCount?>","description":"com.example.musicmanager.database.dao.StepCountDao.getStepCount","location":"app/com.example.musicmanager.database.dao/-step-count-dao/get-step-count.html","searchKeys":["getStepCount","abstract fun getStepCount(): LiveData<StepCount?>","com.example.musicmanager.database.dao.StepCountDao.getStepCount"]},{"name":"abstract fun insert(songAlbumCross: SongAlbumCross)","description":"com.example.musicmanager.database.dao.SongAlbumCrossDao.insert","location":"app/com.example.musicmanager.database.dao/-song-album-cross-dao/insert.html","searchKeys":["insert","abstract fun insert(songAlbumCross: SongAlbumCross)","com.example.musicmanager.database.dao.SongAlbumCrossDao.insert"]},{"name":"abstract fun insert(vararg album: Album)","description":"com.example.musicmanager.database.dao.AlbumDao.insert","location":"app/com.example.musicmanager.database.dao/-album-dao/insert.html","searchKeys":["insert","abstract fun insert(vararg album: Album)","com.example.musicmanager.database.dao.AlbumDao.insert"]},{"name":"abstract fun songAlbumCrossDao(): SongAlbumCrossDao","description":"com.example.musicmanager.database.AppDatabase.songAlbumCrossDao","location":"app/com.example.musicmanager.database/-app-database/song-album-cross-dao.html","searchKeys":["songAlbumCrossDao","abstract fun songAlbumCrossDao(): SongAlbumCrossDao","com.example.musicmanager.database.AppDatabase.songAlbumCrossDao"]},{"name":"abstract fun songDao(): SongDao","description":"com.example.musicmanager.database.AppDatabase.songDao","location":"app/com.example.musicmanager.database/-app-database/song-dao.html","searchKeys":["songDao","abstract fun songDao(): SongDao","com.example.musicmanager.database.AppDatabase.songDao"]},{"name":"abstract fun stepCountDao(): StepCountDao","description":"com.example.musicmanager.database.AppDatabase.stepCountDao","location":"app/com.example.musicmanager.database/-app-database/step-count-dao.html","searchKeys":["stepCountDao","abstract fun stepCountDao(): StepCountDao","com.example.musicmanager.database.AppDatabase.stepCountDao"]},{"name":"abstract fun update(album: Album)","description":"com.example.musicmanager.database.dao.AlbumDao.update","location":"app/com.example.musicmanager.database.dao/-album-dao/update.html","searchKeys":["update","abstract fun update(album: Album)","com.example.musicmanager.database.dao.AlbumDao.update"]},{"name":"abstract fun update(songAlbumCross: SongAlbumCross)","description":"com.example.musicmanager.database.dao.SongAlbumCrossDao.update","location":"app/com.example.musicmanager.database.dao/-song-album-cross-dao/update.html","searchKeys":["update","abstract fun update(songAlbumCross: SongAlbumCross)","com.example.musicmanager.database.dao.SongAlbumCrossDao.update"]},{"name":"abstract suspend fun delete(song: Song)","description":"com.example.musicmanager.database.dao.SongDao.delete","location":"app/com.example.musicmanager.database.dao/-song-dao/delete.html","searchKeys":["delete","abstract suspend fun delete(song: Song)","com.example.musicmanager.database.dao.SongDao.delete"]},{"name":"abstract suspend fun insert(song: Song)","description":"com.example.musicmanager.database.dao.SongDao.insert","location":"app/com.example.musicmanager.database.dao/-song-dao/insert.html","searchKeys":["insert","abstract suspend fun insert(song: Song)","com.example.musicmanager.database.dao.SongDao.insert"]},{"name":"abstract suspend fun insert(stepCount: StepCount)","description":"com.example.musicmanager.database.dao.StepCountDao.insert","location":"app/com.example.musicmanager.database.dao/-step-count-dao/insert.html","searchKeys":["insert","abstract suspend fun insert(stepCount: StepCount)","com.example.musicmanager.database.dao.StepCountDao.insert"]},{"name":"abstract suspend fun insertAuthData(authData: AuthData)","description":"com.example.musicmanager.database.dao.AuthDataDao.insertAuthData","location":"app/com.example.musicmanager.database.dao/-auth-data-dao/insert-auth-data.html","searchKeys":["insertAuthData","abstract suspend fun insertAuthData(authData: AuthData)","com.example.musicmanager.database.dao.AuthDataDao.insertAuthData"]},{"name":"abstract suspend fun update(song: Song)","description":"com.example.musicmanager.database.dao.SongDao.update","location":"app/com.example.musicmanager.database.dao/-song-dao/update.html","searchKeys":["update","abstract suspend fun update(song: Song)","com.example.musicmanager.database.dao.SongDao.update"]},{"name":"abstract suspend fun update(stepCount: StepCount)","description":"com.example.musicmanager.database.dao.StepCountDao.update","location":"app/com.example.musicmanager.database.dao/-step-count-dao/update.html","searchKeys":["update","abstract suspend fun update(stepCount: StepCount)","com.example.musicmanager.database.dao.StepCountDao.update"]},{"name":"abstract suspend fun updateAuthData(authData: AuthData)","description":"com.example.musicmanager.database.dao.AuthDataDao.updateAuthData","location":"app/com.example.musicmanager.database.dao/-auth-data-dao/update-auth-data.html","searchKeys":["updateAuthData","abstract suspend fun updateAuthData(authData: AuthData)","com.example.musicmanager.database.dao.AuthDataDao.updateAuthData"]},{"name":"class AddSongScreenViewModel : ViewModel","description":"com.example.musicmanager.ui.viewModels.AddSongScreenViewModel","location":"app/com.example.musicmanager.ui.viewModels/-add-song-screen-view-model/index.html","searchKeys":["AddSongScreenViewModel","class AddSongScreenViewModel : ViewModel","com.example.musicmanager.ui.viewModels.AddSongScreenViewModel"]},{"name":"class AlbumRepository(albumDao: AlbumDao)","description":"com.example.musicmanager.database.repositories.AlbumRepository","location":"app/com.example.musicmanager.database.repositories/-album-repository/index.html","searchKeys":["AlbumRepository","class AlbumRepository(albumDao: AlbumDao)","com.example.musicmanager.database.repositories.AlbumRepository"]},{"name":"class AuthDataRepository(authDataDao: AuthDataDao)","description":"com.example.musicmanager.database.repositories.AuthDataRepository","location":"app/com.example.musicmanager.database.repositories/-auth-data-repository/index.html","searchKeys":["AuthDataRepository","class AuthDataRepository(authDataDao: AuthDataDao)","com.example.musicmanager.database.repositories.AuthDataRepository"]},{"name":"class DatabaseViewModel(Repository: Repository, authDataRepository: AuthDataRepository) : ViewModel","description":"com.example.musicmanager.ui.viewModels.DatabaseViewModel","location":"app/com.example.musicmanager.ui.viewModels/-database-view-model/index.html","searchKeys":["DatabaseViewModel","class DatabaseViewModel(Repository: Repository, authDataRepository: AuthDataRepository) : ViewModel","com.example.musicmanager.ui.viewModels.DatabaseViewModel"]},{"name":"class DatabaseViewModelFactory(repository: Repository, authDataRepository: AuthDataRepository) : ViewModelProvider.Factory","description":"com.example.musicmanager.ui.viewModels.DatabaseViewModelFactory","location":"app/com.example.musicmanager.ui.viewModels/-database-view-model-factory/index.html","searchKeys":["DatabaseViewModelFactory","class DatabaseViewModelFactory(repository: Repository, authDataRepository: AuthDataRepository) : ViewModelProvider.Factory","com.example.musicmanager.ui.viewModels.DatabaseViewModelFactory"]},{"name":"class MainActivity : ComponentActivity","description":"com.example.musicmanager.MainActivity","location":"app/com.example.musicmanager/-main-activity/index.html","searchKeys":["MainActivity","class MainActivity : ComponentActivity","com.example.musicmanager.MainActivity"]},{"name":"class MusicControlWidget : GlanceAppWidget","description":"com.example.musicmanager.ui.widgets.MusicControlWidget","location":"app/com.example.musicmanager.ui.widgets/-music-control-widget/index.html","searchKeys":["MusicControlWidget","class MusicControlWidget : GlanceAppWidget","com.example.musicmanager.ui.widgets.MusicControlWidget"]},{"name":"class MusicControlWidgetReceiver : GlanceAppWidgetReceiver","description":"com.example.musicmanager.ui.widgets.MusicControlWidgetReceiver","location":"app/com.example.musicmanager.ui.widgets/-music-control-widget-receiver/index.html","searchKeys":["MusicControlWidgetReceiver","class MusicControlWidgetReceiver : GlanceAppWidgetReceiver","com.example.musicmanager.ui.widgets.MusicControlWidgetReceiver"]},{"name":"class MusicManagerApplication : Application","description":"com.example.musicmanager.MusicManagerApplication","location":"app/com.example.musicmanager/-music-manager-application/index.html","searchKeys":["MusicManagerApplication","class MusicManagerApplication : Application","com.example.musicmanager.MusicManagerApplication"]},{"name":"class NextAction : ActionCallback","description":"com.example.musicmanager.ui.widgets.NextAction","location":"app/com.example.musicmanager.ui.widgets/-next-action/index.html","searchKeys":["NextAction","class NextAction : ActionCallback","com.example.musicmanager.ui.widgets.NextAction"]},{"name":"class PhoneCallReceiver : BroadcastReceiver","description":"com.example.musicmanager.SongPlayerService.PhoneCallReceiver","location":"app/com.example.musicmanager/-song-player-service/-phone-call-receiver/index.html","searchKeys":["PhoneCallReceiver","class PhoneCallReceiver : BroadcastReceiver","com.example.musicmanager.SongPlayerService.PhoneCallReceiver"]},{"name":"class PlayPauseAction : ActionCallback","description":"com.example.musicmanager.ui.widgets.PlayPauseAction","location":"app/com.example.musicmanager.ui.widgets/-play-pause-action/index.html","searchKeys":["PlayPauseAction","class PlayPauseAction : ActionCallback","com.example.musicmanager.ui.widgets.PlayPauseAction"]},{"name":"class PreviousAction : ActionCallback","description":"com.example.musicmanager.ui.widgets.PreviousAction","location":"app/com.example.musicmanager.ui.widgets/-previous-action/index.html","searchKeys":["PreviousAction","class PreviousAction : ActionCallback","com.example.musicmanager.ui.widgets.PreviousAction"]},{"name":"class Repository(albumDao: AlbumDao, songDao: SongDao, songAlbumCrossDao: SongAlbumCrossDao)","description":"com.example.musicmanager.database.Repository","location":"app/com.example.musicmanager.database/-repository/index.html","searchKeys":["Repository","class Repository(albumDao: AlbumDao, songDao: SongDao, songAlbumCrossDao: SongAlbumCrossDao)","com.example.musicmanager.database.Repository"]},{"name":"class SongAlbumRepository(songAlbumCrossDao: SongAlbumCrossDao)","description":"com.example.musicmanager.database.repositories.SongAlbumRepository","location":"app/com.example.musicmanager.database.repositories/-song-album-repository/index.html","searchKeys":["SongAlbumRepository","class SongAlbumRepository(songAlbumCrossDao: SongAlbumCrossDao)","com.example.musicmanager.database.repositories.SongAlbumRepository"]},{"name":"class SongPlayerService : Service","description":"com.example.musicmanager.SongPlayerService","location":"app/com.example.musicmanager/-song-player-service/index.html","searchKeys":["SongPlayerService","class SongPlayerService : Service","com.example.musicmanager.SongPlayerService"]},{"name":"class SongRepository(songDao: SongDao)","description":"com.example.musicmanager.database.repositories.SongRepository","location":"app/com.example.musicmanager.database.repositories/-song-repository/index.html","searchKeys":["SongRepository","class SongRepository(songDao: SongDao)","com.example.musicmanager.database.repositories.SongRepository"]},{"name":"class StepCountRepository(stepCountDao: StepCountDao)","description":"com.example.musicmanager.database.repositories.StepCountRepository","location":"app/com.example.musicmanager.database.repositories/-step-count-repository/index.html","searchKeys":["StepCountRepository","class StepCountRepository(stepCountDao: StepCountDao)","com.example.musicmanager.database.repositories.StepCountRepository"]},{"name":"class StepCountViewModel(stepCountRepository: StepCountRepository) : ViewModel","description":"com.example.musicmanager.ui.viewModels.StepCountViewModel","location":"app/com.example.musicmanager.ui.viewModels/-step-count-view-model/index.html","searchKeys":["StepCountViewModel","class StepCountViewModel(stepCountRepository: StepCountRepository) : ViewModel","com.example.musicmanager.ui.viewModels.StepCountViewModel"]},{"name":"class StepCountViewModelFactory(repository: StepCountRepository) : ViewModelProvider.Factory","description":"com.example.musicmanager.ui.viewModels.StepCountViewModelFactory","location":"app/com.example.musicmanager.ui.viewModels/-step-count-view-model-factory/index.html","searchKeys":["StepCountViewModelFactory","class StepCountViewModelFactory(repository: StepCountRepository) : ViewModelProvider.Factory","com.example.musicmanager.ui.viewModels.StepCountViewModelFactory"]},{"name":"class StepCounterService : Service, SensorEventListener","description":"com.example.musicmanager.StepCounterService","location":"app/com.example.musicmanager/-step-counter-service/index.html","searchKeys":["StepCounterService","class StepCounterService : Service, SensorEventListener","com.example.musicmanager.StepCounterService"]},{"name":"const val ACTION_UPDATE_STATE: String","description":"com.example.musicmanager.SongPlayerService.Companion.ACTION_UPDATE_STATE","location":"app/com.example.musicmanager/-song-player-service/-companion/-a-c-t-i-o-n_-u-p-d-a-t-e_-s-t-a-t-e.html","searchKeys":["ACTION_UPDATE_STATE","const val ACTION_UPDATE_STATE: String","com.example.musicmanager.SongPlayerService.Companion.ACTION_UPDATE_STATE"]},{"name":"const val EXTRA_ARTIST: String","description":"com.example.musicmanager.SongPlayerService.Companion.EXTRA_ARTIST","location":"app/com.example.musicmanager/-song-player-service/-companion/-e-x-t-r-a_-a-r-t-i-s-t.html","searchKeys":["EXTRA_ARTIST","const val EXTRA_ARTIST: String","com.example.musicmanager.SongPlayerService.Companion.EXTRA_ARTIST"]},{"name":"const val EXTRA_CURRENT_SONG: String","description":"com.example.musicmanager.SongPlayerService.Companion.EXTRA_CURRENT_SONG","location":"app/com.example.musicmanager/-song-player-service/-companion/-e-x-t-r-a_-c-u-r-r-e-n-t_-s-o-n-g.html","searchKeys":["EXTRA_CURRENT_SONG","const val EXTRA_CURRENT_SONG: String","com.example.musicmanager.SongPlayerService.Companion.EXTRA_CURRENT_SONG"]},{"name":"const val EXTRA_IS_PLAYING: String","description":"com.example.musicmanager.SongPlayerService.Companion.EXTRA_IS_PLAYING","location":"app/com.example.musicmanager/-song-player-service/-companion/-e-x-t-r-a_-i-s_-p-l-a-y-i-n-g.html","searchKeys":["EXTRA_IS_PLAYING","const val EXTRA_IS_PLAYING: String","com.example.musicmanager.SongPlayerService.Companion.EXTRA_IS_PLAYING"]},{"name":"constructor()","description":"com.example.musicmanager.MainActivity.MainActivity","location":"app/com.example.musicmanager/-main-activity/-main-activity.html","searchKeys":["MainActivity","constructor()","com.example.musicmanager.MainActivity.MainActivity"]},{"name":"constructor()","description":"com.example.musicmanager.MusicManagerApplication.MusicManagerApplication","location":"app/com.example.musicmanager/-music-manager-application/-music-manager-application.html","searchKeys":["MusicManagerApplication","constructor()","com.example.musicmanager.MusicManagerApplication.MusicManagerApplication"]},{"name":"constructor()","description":"com.example.musicmanager.SongPlayerService.PhoneCallReceiver.PhoneCallReceiver","location":"app/com.example.musicmanager/-song-player-service/-phone-call-receiver/-phone-call-receiver.html","searchKeys":["PhoneCallReceiver","constructor()","com.example.musicmanager.SongPlayerService.PhoneCallReceiver.PhoneCallReceiver"]},{"name":"constructor()","description":"com.example.musicmanager.SongPlayerService.SongPlayerBinder.SongPlayerBinder","location":"app/com.example.musicmanager/-song-player-service/-song-player-binder/-song-player-binder.html","searchKeys":["SongPlayerBinder","constructor()","com.example.musicmanager.SongPlayerService.SongPlayerBinder.SongPlayerBinder"]},{"name":"constructor()","description":"com.example.musicmanager.SongPlayerService.SongPlayerService","location":"app/com.example.musicmanager/-song-player-service/-song-player-service.html","searchKeys":["SongPlayerService","constructor()","com.example.musicmanager.SongPlayerService.SongPlayerService"]},{"name":"constructor()","description":"com.example.musicmanager.StepCounterService.StepCounterService","location":"app/com.example.musicmanager/-step-counter-service/-step-counter-service.html","searchKeys":["StepCounterService","constructor()","com.example.musicmanager.StepCounterService.StepCounterService"]},{"name":"constructor()","description":"com.example.musicmanager.database.AppDatabase.AppDatabase","location":"app/com.example.musicmanager.database/-app-database/-app-database.html","searchKeys":["AppDatabase","constructor()","com.example.musicmanager.database.AppDatabase.AppDatabase"]},{"name":"constructor()","description":"com.example.musicmanager.ui.viewModels.AddSongScreenViewModel.AddSongScreenViewModel","location":"app/com.example.musicmanager.ui.viewModels/-add-song-screen-view-model/-add-song-screen-view-model.html","searchKeys":["AddSongScreenViewModel","constructor()","com.example.musicmanager.ui.viewModels.AddSongScreenViewModel.AddSongScreenViewModel"]},{"name":"constructor()","description":"com.example.musicmanager.ui.widgets.MusicControlWidget.MusicControlWidget","location":"app/com.example.musicmanager.ui.widgets/-music-control-widget/-music-control-widget.html","searchKeys":["MusicControlWidget","constructor()","com.example.musicmanager.ui.widgets.MusicControlWidget.MusicControlWidget"]},{"name":"constructor()","description":"com.example.musicmanager.ui.widgets.MusicControlWidgetReceiver.MusicControlWidgetReceiver","location":"app/com.example.musicmanager.ui.widgets/-music-control-widget-receiver/-music-control-widget-receiver.html","searchKeys":["MusicControlWidgetReceiver","constructor()","com.example.musicmanager.ui.widgets.MusicControlWidgetReceiver.MusicControlWidgetReceiver"]},{"name":"constructor()","description":"com.example.musicmanager.ui.widgets.NextAction.NextAction","location":"app/com.example.musicmanager.ui.widgets/-next-action/-next-action.html","searchKeys":["NextAction","constructor()","com.example.musicmanager.ui.widgets.NextAction.NextAction"]},{"name":"constructor()","description":"com.example.musicmanager.ui.widgets.PlayPauseAction.PlayPauseAction","location":"app/com.example.musicmanager.ui.widgets/-play-pause-action/-play-pause-action.html","searchKeys":["PlayPauseAction","constructor()","com.example.musicmanager.ui.widgets.PlayPauseAction.PlayPauseAction"]},{"name":"constructor()","description":"com.example.musicmanager.ui.widgets.PreviousAction.PreviousAction","location":"app/com.example.musicmanager.ui.widgets/-previous-action/-previous-action.html","searchKeys":["PreviousAction","constructor()","com.example.musicmanager.ui.widgets.PreviousAction.PreviousAction"]},{"name":"constructor(Repository: Repository, authDataRepository: AuthDataRepository)","description":"com.example.musicmanager.ui.viewModels.DatabaseViewModel.DatabaseViewModel","location":"app/com.example.musicmanager.ui.viewModels/-database-view-model/-database-view-model.html","searchKeys":["DatabaseViewModel","constructor(Repository: Repository, authDataRepository: AuthDataRepository)","com.example.musicmanager.ui.viewModels.DatabaseViewModel.DatabaseViewModel"]},{"name":"constructor(albumDao: AlbumDao)","description":"com.example.musicmanager.database.repositories.AlbumRepository.AlbumRepository","location":"app/com.example.musicmanager.database.repositories/-album-repository/-album-repository.html","searchKeys":["AlbumRepository","constructor(albumDao: AlbumDao)","com.example.musicmanager.database.repositories.AlbumRepository.AlbumRepository"]},{"name":"constructor(albumDao: AlbumDao, songDao: SongDao, songAlbumCrossDao: SongAlbumCrossDao)","description":"com.example.musicmanager.database.Repository.Repository","location":"app/com.example.musicmanager.database/-repository/-repository.html","searchKeys":["Repository","constructor(albumDao: AlbumDao, songDao: SongDao, songAlbumCrossDao: SongAlbumCrossDao)","com.example.musicmanager.database.Repository.Repository"]},{"name":"constructor(authDataDao: AuthDataDao)","description":"com.example.musicmanager.database.repositories.AuthDataRepository.AuthDataRepository","location":"app/com.example.musicmanager.database.repositories/-auth-data-repository/-auth-data-repository.html","searchKeys":["AuthDataRepository","constructor(authDataDao: AuthDataDao)","com.example.musicmanager.database.repositories.AuthDataRepository.AuthDataRepository"]},{"name":"constructor(id: Int = 0, name: String)","description":"com.example.musicmanager.database.models.Album.Album","location":"app/com.example.musicmanager.database.models/-album/-album.html","searchKeys":["Album","constructor(id: Int = 0, name: String)","com.example.musicmanager.database.models.Album.Album"]},{"name":"constructor(id: Int = 0, title: String, artist: String, duration: Int, pathToFile: String)","description":"com.example.musicmanager.database.models.Song.Song","location":"app/com.example.musicmanager.database.models/-song/-song.html","searchKeys":["Song","constructor(id: Int = 0, title: String, artist: String, duration: Int, pathToFile: String)","com.example.musicmanager.database.models.Song.Song"]},{"name":"constructor(id: Int = 1, password: String, recoveryEmail: String)","description":"com.example.musicmanager.database.models.AuthData.AuthData","location":"app/com.example.musicmanager.database.models/-auth-data/-auth-data.html","searchKeys":["AuthData","constructor(id: Int = 1, password: String, recoveryEmail: String)","com.example.musicmanager.database.models.AuthData.AuthData"]},{"name":"constructor(id: Int = 1, totalSteps: Int)","description":"com.example.musicmanager.database.models.StepCount.StepCount","location":"app/com.example.musicmanager.database.models/-step-count/-step-count.html","searchKeys":["StepCount","constructor(id: Int = 1, totalSteps: Int)","com.example.musicmanager.database.models.StepCount.StepCount"]},{"name":"constructor(repository: Repository, authDataRepository: AuthDataRepository)","description":"com.example.musicmanager.ui.viewModels.DatabaseViewModelFactory.DatabaseViewModelFactory","location":"app/com.example.musicmanager.ui.viewModels/-database-view-model-factory/-database-view-model-factory.html","searchKeys":["DatabaseViewModelFactory","constructor(repository: Repository, authDataRepository: AuthDataRepository)","com.example.musicmanager.ui.viewModels.DatabaseViewModelFactory.DatabaseViewModelFactory"]},{"name":"constructor(repository: StepCountRepository)","description":"com.example.musicmanager.ui.viewModels.StepCountViewModelFactory.StepCountViewModelFactory","location":"app/com.example.musicmanager.ui.viewModels/-step-count-view-model-factory/-step-count-view-model-factory.html","searchKeys":["StepCountViewModelFactory","constructor(repository: StepCountRepository)","com.example.musicmanager.ui.viewModels.StepCountViewModelFactory.StepCountViewModelFactory"]},{"name":"constructor(route: String, name: String, icon: Painter)","description":"com.example.musicmanager.navigation.BottomNavItem.BottomNavItem","location":"app/com.example.musicmanager.navigation/-bottom-nav-item/-bottom-nav-item.html","searchKeys":["BottomNavItem","constructor(route: String, name: String, icon: Painter)","com.example.musicmanager.navigation.BottomNavItem.BottomNavItem"]},{"name":"constructor(songAlbumCrossDao: SongAlbumCrossDao)","description":"com.example.musicmanager.database.repositories.SongAlbumRepository.SongAlbumRepository","location":"app/com.example.musicmanager.database.repositories/-song-album-repository/-song-album-repository.html","searchKeys":["SongAlbumRepository","constructor(songAlbumCrossDao: SongAlbumCrossDao)","com.example.musicmanager.database.repositories.SongAlbumRepository.SongAlbumRepository"]},{"name":"constructor(songDao: SongDao)","description":"com.example.musicmanager.database.repositories.SongRepository.SongRepository","location":"app/com.example.musicmanager.database.repositories/-song-repository/-song-repository.html","searchKeys":["SongRepository","constructor(songDao: SongDao)","com.example.musicmanager.database.repositories.SongRepository.SongRepository"]},{"name":"constructor(songId: Int, albumId: Int)","description":"com.example.musicmanager.database.models.SongAlbumCross.SongAlbumCross","location":"app/com.example.musicmanager.database.models/-song-album-cross/-song-album-cross.html","searchKeys":["SongAlbumCross","constructor(songId: Int, albumId: Int)","com.example.musicmanager.database.models.SongAlbumCross.SongAlbumCross"]},{"name":"constructor(stepCountDao: StepCountDao)","description":"com.example.musicmanager.database.repositories.StepCountRepository.StepCountRepository","location":"app/com.example.musicmanager.database.repositories/-step-count-repository/-step-count-repository.html","searchKeys":["StepCountRepository","constructor(stepCountDao: StepCountDao)","com.example.musicmanager.database.repositories.StepCountRepository.StepCountRepository"]},{"name":"constructor(stepCountRepository: StepCountRepository)","description":"com.example.musicmanager.ui.viewModels.StepCountViewModel.StepCountViewModel","location":"app/com.example.musicmanager.ui.viewModels/-step-count-view-model/-step-count-view-model.html","searchKeys":["StepCountViewModel","constructor(stepCountRepository: StepCountRepository)","com.example.musicmanager.ui.viewModels.StepCountViewModel.StepCountViewModel"]},{"name":"data class Album(val id: Int = 0, val name: String)","description":"com.example.musicmanager.database.models.Album","location":"app/com.example.musicmanager.database.models/-album/index.html","searchKeys":["Album","data class Album(val id: Int = 0, val name: String)","com.example.musicmanager.database.models.Album"]},{"name":"data class AuthData(val id: Int = 1, val password: String, val recoveryEmail: String)","description":"com.example.musicmanager.database.models.AuthData","location":"app/com.example.musicmanager.database.models/-auth-data/index.html","searchKeys":["AuthData","data class AuthData(val id: Int = 1, val password: String, val recoveryEmail: String)","com.example.musicmanager.database.models.AuthData"]},{"name":"data class BottomNavItem(val route: String, val name: String, val icon: Painter)","description":"com.example.musicmanager.navigation.BottomNavItem","location":"app/com.example.musicmanager.navigation/-bottom-nav-item/index.html","searchKeys":["BottomNavItem","data class BottomNavItem(val route: String, val name: String, val icon: Painter)","com.example.musicmanager.navigation.BottomNavItem"]},{"name":"data class Song(val id: Int = 0, val title: String, val artist: String, val duration: Int, val pathToFile: String)","description":"com.example.musicmanager.database.models.Song","location":"app/com.example.musicmanager.database.models/-song/index.html","searchKeys":["Song","data class Song(val id: Int = 0, val title: String, val artist: String, val duration: Int, val pathToFile: String)","com.example.musicmanager.database.models.Song"]},{"name":"data class SongAlbumCross(val songId: Int, val albumId: Int)","description":"com.example.musicmanager.database.models.SongAlbumCross","location":"app/com.example.musicmanager.database.models/-song-album-cross/index.html","searchKeys":["SongAlbumCross","data class SongAlbumCross(val songId: Int, val albumId: Int)","com.example.musicmanager.database.models.SongAlbumCross"]},{"name":"data class StepCount(val id: Int = 1, val totalSteps: Int)","description":"com.example.musicmanager.database.models.StepCount","location":"app/com.example.musicmanager.database.models/-step-count/index.html","searchKeys":["StepCount","data class StepCount(val id: Int = 1, val totalSteps: Int)","com.example.musicmanager.database.models.StepCount"]},{"name":"enum Actions : Enum<SongPlayerService.Actions> ","description":"com.example.musicmanager.SongPlayerService.Actions","location":"app/com.example.musicmanager/-song-player-service/-actions/index.html","searchKeys":["Actions","enum Actions : Enum<SongPlayerService.Actions> ","com.example.musicmanager.SongPlayerService.Actions"]},{"name":"fun AddSongScreen(yt_link: String)","description":"com.example.musicmanager.screens.AddSongScreen","location":"app/com.example.musicmanager.screens/-add-song-screen.html","searchKeys":["AddSongScreen","fun AddSongScreen(yt_link: String)","com.example.musicmanager.screens.AddSongScreen"]},{"name":"fun AnimatedSplashScreen(navController: NavHostController)","description":"com.example.musicmanager.screens.AnimatedSplashScreen","location":"app/com.example.musicmanager.screens/-animated-splash-screen.html","searchKeys":["AnimatedSplashScreen","fun AnimatedSplashScreen(navController: NavHostController)","com.example.musicmanager.screens.AnimatedSplashScreen"]},{"name":"fun AuthForm(onLogin: (String, String) -> Unit, onRegister: (String, String) -> Unit, onResetPassword: (String) -> Unit, errorMessage: String? = null, successMessage: String? = null)","description":"com.example.musicmanager.screens.AuthForm","location":"app/com.example.musicmanager.screens/-auth-form.html","searchKeys":["AuthForm","fun AuthForm(onLogin: (String, String) -> Unit, onRegister: (String, String) -> Unit, onResetPassword: (String) -> Unit, errorMessage: String? = null, successMessage: String? = null)","com.example.musicmanager.screens.AuthForm"]},{"name":"fun AuthScreen()","description":"com.example.musicmanager.screens.AuthScreen","location":"app/com.example.musicmanager.screens/-auth-screen.html","searchKeys":["AuthScreen","fun AuthScreen()","com.example.musicmanager.screens.AuthScreen"]},{"name":"fun BannerAd(adUnitId: String)","description":"com.example.musicmanager.screens.BannerAd","location":"app/com.example.musicmanager.screens/-banner-ad.html","searchKeys":["BannerAd","fun BannerAd(adUnitId: String)","com.example.musicmanager.screens.BannerAd"]},{"name":"fun BannerAdPreview()","description":"com.example.musicmanager.screens.BannerAdPreview","location":"app/com.example.musicmanager.screens/-banner-ad-preview.html","searchKeys":["BannerAdPreview","fun BannerAdPreview()","com.example.musicmanager.screens.BannerAdPreview"]},{"name":"fun BottomNavBar(items: List<BottomNavItem>, navController: NavController, modifier: Modifier = Modifier, onItemClick: (BottomNavItem) -> Unit)","description":"com.example.musicmanager.ui.components.BottomNavBar","location":"app/com.example.musicmanager.ui.components/-bottom-nav-bar.html","searchKeys":["BottomNavBar","fun BottomNavBar(items: List<BottomNavItem>, navController: NavController, modifier: Modifier = Modifier, onItemClick: (BottomNavItem) -> Unit)","com.example.musicmanager.ui.components.BottomNavBar"]},{"name":"fun ListedSong(song: Song, navController: NavController)","description":"com.example.musicmanager.ui.components.ListedSong","location":"app/com.example.musicmanager.ui.components/-listed-song.html","searchKeys":["ListedSong","fun ListedSong(song: Song, navController: NavController)","com.example.musicmanager.ui.components.ListedSong"]},{"name":"fun LocationTrackerScreen()","description":"com.example.musicmanager.screens.LocationTrackerScreen","location":"app/com.example.musicmanager.screens/-location-tracker-screen.html","searchKeys":["LocationTrackerScreen","fun LocationTrackerScreen()","com.example.musicmanager.screens.LocationTrackerScreen"]},{"name":"fun MarqueeText(text: String, modifier: Modifier = Modifier, color: Color = Color.Black)","description":"com.example.musicmanager.ui.components.MarqueeText","location":"app/com.example.musicmanager.ui.components/-marquee-text.html","searchKeys":["MarqueeText","fun MarqueeText(text: String, modifier: Modifier = Modifier, color: Color = Color.Black)","com.example.musicmanager.ui.components.MarqueeText"]},{"name":"fun MusicManagerTheme(darkTheme: Boolean = isSystemInDarkTheme(), dynamicColor: Boolean = true, content: () -> Unit)","description":"com.example.musicmanager.ui.theme.MusicManagerTheme","location":"app/com.example.musicmanager.ui.theme/-music-manager-theme.html","searchKeys":["MusicManagerTheme","fun MusicManagerTheme(darkTheme: Boolean = isSystemInDarkTheme(), dynamicColor: Boolean = true, content: () -> Unit)","com.example.musicmanager.ui.theme.MusicManagerTheme"]},{"name":"fun Navigation(navController: NavHostController)","description":"com.example.musicmanager.navigation.Navigation","location":"app/com.example.musicmanager.navigation/-navigation.html","searchKeys":["Navigation","fun Navigation(navController: NavHostController)","com.example.musicmanager.navigation.Navigation"]},{"name":"fun PlaylistScreen()","description":"com.example.musicmanager.screens.PlaylistScreen","location":"app/com.example.musicmanager.screens/-playlist-screen.html","searchKeys":["PlaylistScreen","fun PlaylistScreen()","com.example.musicmanager.screens.PlaylistScreen"]},{"name":"fun SmallPlayback(navController: NavController, musicService: SongPlayerService)","description":"com.example.musicmanager.ui.components.SmallPlayback","location":"app/com.example.musicmanager.ui.components/-small-playback.html","searchKeys":["SmallPlayback","fun SmallPlayback(navController: NavController, musicService: SongPlayerService)","com.example.musicmanager.ui.components.SmallPlayback"]},{"name":"fun SongControlScreen()","description":"com.example.musicmanager.screens.SongControlScreen","location":"app/com.example.musicmanager.screens/-song-control-screen.html","searchKeys":["SongControlScreen","fun SongControlScreen()","com.example.musicmanager.screens.SongControlScreen"]},{"name":"fun SongControlScreenPreview()","description":"com.example.musicmanager.screens.SongControlScreenPreview","location":"app/com.example.musicmanager.screens/-song-control-screen-preview.html","searchKeys":["SongControlScreenPreview","fun SongControlScreenPreview()","com.example.musicmanager.screens.SongControlScreenPreview"]},{"name":"fun SongScreen(navController: NavController)","description":"com.example.musicmanager.screens.SongScreen","location":"app/com.example.musicmanager.screens/-song-screen.html","searchKeys":["SongScreen","fun SongScreen(navController: NavController)","com.example.musicmanager.screens.SongScreen"]},{"name":"fun SplashScreen(alpha: Float)","description":"com.example.musicmanager.screens.SplashScreen","location":"app/com.example.musicmanager.screens/-splash-screen.html","searchKeys":["SplashScreen","fun SplashScreen(alpha: Float)","com.example.musicmanager.screens.SplashScreen"]},{"name":"fun SplashScreenPreview()","description":"com.example.musicmanager.screens.SplashScreenPreview","location":"app/com.example.musicmanager.screens/-splash-screen-preview.html","searchKeys":["SplashScreenPreview","fun SplashScreenPreview()","com.example.musicmanager.screens.SplashScreenPreview"]},{"name":"fun StepCounterScreen()","description":"com.example.musicmanager.screens.StepCounterScreen","location":"app/com.example.musicmanager.screens/-step-counter-screen.html","searchKeys":["StepCounterScreen","fun StepCounterScreen()","com.example.musicmanager.screens.StepCounterScreen"]},{"name":"fun addSong(song: Song)","description":"com.example.musicmanager.ui.viewModels.DatabaseViewModel.addSong","location":"app/com.example.musicmanager.ui.viewModels/-database-view-model/add-song.html","searchKeys":["addSong","fun addSong(song: Song)","com.example.musicmanager.ui.viewModels.DatabaseViewModel.addSong"]},{"name":"fun authenticateUser()","description":"com.example.musicmanager.ui.viewModels.DatabaseViewModel.authenticateUser","location":"app/com.example.musicmanager.ui.viewModels/-database-view-model/authenticate-user.html","searchKeys":["authenticateUser","fun authenticateUser()","com.example.musicmanager.ui.viewModels.DatabaseViewModel.authenticateUser"]},{"name":"fun calculateDistance(steps: Int): String","description":"com.example.musicmanager.screens.calculateDistance","location":"app/com.example.musicmanager.screens/calculate-distance.html","searchKeys":["calculateDistance","fun calculateDistance(steps: Int): String","com.example.musicmanager.screens.calculateDistance"]},{"name":"fun createRoute(ytLink: String): String","description":"com.example.musicmanager.navigation.Screens.AddSongScreen.createRoute","location":"app/com.example.musicmanager.navigation/-screens/-add-song-screen/create-route.html","searchKeys":["createRoute","fun createRoute(ytLink: String): String","com.example.musicmanager.navigation.Screens.AddSongScreen.createRoute"]},{"name":"fun deleteSong(song: Song)","description":"com.example.musicmanager.ui.viewModels.DatabaseViewModel.deleteSong","location":"app/com.example.musicmanager.ui.viewModels/-database-view-model/delete-song.html","searchKeys":["deleteSong","fun deleteSong(song: Song)","com.example.musicmanager.ui.viewModels.DatabaseViewModel.deleteSong"]},{"name":"fun download_from_yt(module: PyObject, yt_link: String)","description":"com.example.musicmanager.screens.download_from_yt","location":"app/com.example.musicmanager.screens/download_from_yt.html","searchKeys":["download_from_yt","fun download_from_yt(module: PyObject, yt_link: String)","com.example.musicmanager.screens.download_from_yt"]},{"name":"fun formatTime(milliseconds: Int): String","description":"com.example.musicmanager.screens.formatTime","location":"app/com.example.musicmanager.screens/format-time.html","searchKeys":["formatTime","fun formatTime(milliseconds: Int): String","com.example.musicmanager.screens.formatTime"]},{"name":"fun getAllAlbums(): LiveData<List<Album>>","description":"com.example.musicmanager.database.repositories.AlbumRepository.getAllAlbums","location":"app/com.example.musicmanager.database.repositories/-album-repository/get-all-albums.html","searchKeys":["getAllAlbums","fun getAllAlbums(): LiveData<List<Album>>","com.example.musicmanager.database.repositories.AlbumRepository.getAllAlbums"]},{"name":"fun getAllSongAlbums(): LiveData<List<SongAlbumCross>>","description":"com.example.musicmanager.database.repositories.SongAlbumRepository.getAllSongAlbums","location":"app/com.example.musicmanager.database.repositories/-song-album-repository/get-all-song-albums.html","searchKeys":["getAllSongAlbums","fun getAllSongAlbums(): LiveData<List<SongAlbumCross>>","com.example.musicmanager.database.repositories.SongAlbumRepository.getAllSongAlbums"]},{"name":"fun getAllSongs(): LiveData<List<Song>>","description":"com.example.musicmanager.database.Repository.getAllSongs","location":"app/com.example.musicmanager.database/-repository/get-all-songs.html","searchKeys":["getAllSongs","fun getAllSongs(): LiveData<List<Song>>","com.example.musicmanager.database.Repository.getAllSongs"]},{"name":"fun getAllSongs(): LiveData<List<Song>>","description":"com.example.musicmanager.database.repositories.SongRepository.getAllSongs","location":"app/com.example.musicmanager.database.repositories/-song-repository/get-all-songs.html","searchKeys":["getAllSongs","fun getAllSongs(): LiveData<List<Song>>","com.example.musicmanager.database.repositories.SongRepository.getAllSongs"]},{"name":"fun getAuthData(): AuthData","description":"com.example.musicmanager.database.repositories.AuthDataRepository.getAuthData","location":"app/com.example.musicmanager.database.repositories/-auth-data-repository/get-auth-data.html","searchKeys":["getAuthData","fun getAuthData(): AuthData","com.example.musicmanager.database.repositories.AuthDataRepository.getAuthData"]},{"name":"fun getByName(name: String): LiveData<List<Album>>","description":"com.example.musicmanager.database.repositories.AlbumRepository.getByName","location":"app/com.example.musicmanager.database.repositories/-album-repository/get-by-name.html","searchKeys":["getByName","fun getByName(name: String): LiveData<List<Album>>","com.example.musicmanager.database.repositories.AlbumRepository.getByName"]},{"name":"fun getDatabase(context: Context, scope: CoroutineScope): AppDatabase","description":"com.example.musicmanager.database.AppDatabase.Companion.getDatabase","location":"app/com.example.musicmanager.database/-app-database/-companion/get-database.html","searchKeys":["getDatabase","fun getDatabase(context: Context, scope: CoroutineScope): AppDatabase","com.example.musicmanager.database.AppDatabase.Companion.getDatabase"]},{"name":"fun getService(): SongPlayerService","description":"com.example.musicmanager.SongPlayerService.SongPlayerBinder.getService","location":"app/com.example.musicmanager/-song-player-service/-song-player-binder/get-service.html","searchKeys":["getService","fun getService(): SongPlayerService","com.example.musicmanager.SongPlayerService.SongPlayerBinder.getService"]},{"name":"fun getSongsByAlbumId(albumId: Int): LiveData<List<Song>>","description":"com.example.musicmanager.database.repositories.SongAlbumRepository.getSongsByAlbumId","location":"app/com.example.musicmanager.database.repositories/-song-album-repository/get-songs-by-album-id.html","searchKeys":["getSongsByAlbumId","fun getSongsByAlbumId(albumId: Int): LiveData<List<Song>>","com.example.musicmanager.database.repositories.SongAlbumRepository.getSongsByAlbumId"]},{"name":"fun handlePendingIntent()","description":"com.example.musicmanager.MainActivity.handlePendingIntent","location":"app/com.example.musicmanager/-main-activity/handle-pending-intent.html","searchKeys":["handlePendingIntent","fun handlePendingIntent()","com.example.musicmanager.MainActivity.handlePendingIntent"]},{"name":"fun insert(stepCount: StepCount)","description":"com.example.musicmanager.ui.viewModels.StepCountViewModel.insert","location":"app/com.example.musicmanager.ui.viewModels/-step-count-view-model/insert.html","searchKeys":["insert","fun insert(stepCount: StepCount)","com.example.musicmanager.ui.viewModels.StepCountViewModel.insert"]},{"name":"fun insertAuthData(password: String, recoveryEmail: String)","description":"com.example.musicmanager.ui.viewModels.DatabaseViewModel.insertAuthData","location":"app/com.example.musicmanager.ui.viewModels/-database-view-model/insert-auth-data.html","searchKeys":["insertAuthData","fun insertAuthData(password: String, recoveryEmail: String)","com.example.musicmanager.ui.viewModels.DatabaseViewModel.insertAuthData"]},{"name":"fun navigateTo(route: String)","description":"com.example.musicmanager.navigation.NavigationEventHolder.navigateTo","location":"app/com.example.musicmanager.navigation/-navigation-event-holder/navigate-to.html","searchKeys":["navigateTo","fun navigateTo(route: String)","com.example.musicmanager.navigation.NavigationEventHolder.navigateTo"]},{"name":"fun onNavigationComplete()","description":"com.example.musicmanager.navigation.NavigationEventHolder.onNavigationComplete","location":"app/com.example.musicmanager.navigation/-navigation-event-holder/on-navigation-complete.html","searchKeys":["onNavigationComplete","fun onNavigationComplete()","com.example.musicmanager.navigation.NavigationEventHolder.onNavigationComplete"]},{"name":"fun python_script_button(module: PyObject, yt_link: String, context: Context, addSongScreenViewModel: AddSongScreenViewModel, databaseViewModel: DatabaseViewModel)","description":"com.example.musicmanager.screens.python_script_button","location":"app/com.example.musicmanager.screens/python_script_button.html","searchKeys":["python_script_button","fun python_script_button(module: PyObject, yt_link: String, context: Context, addSongScreenViewModel: AddSongScreenViewModel, databaseViewModel: DatabaseViewModel)","com.example.musicmanager.screens.python_script_button"]},{"name":"fun update(stepCount: StepCount)","description":"com.example.musicmanager.ui.viewModels.StepCountViewModel.update","location":"app/com.example.musicmanager.ui.viewModels/-step-count-view-model/update.html","searchKeys":["update","fun update(stepCount: StepCount)","com.example.musicmanager.ui.viewModels.StepCountViewModel.update"]},{"name":"fun updateAuthData(password: String, recoveryEmail: String)","description":"com.example.musicmanager.ui.viewModels.DatabaseViewModel.updateAuthData","location":"app/com.example.musicmanager.ui.viewModels/-database-view-model/update-auth-data.html","searchKeys":["updateAuthData","fun updateAuthData(password: String, recoveryEmail: String)","com.example.musicmanager.ui.viewModels.DatabaseViewModel.updateAuthData"]},{"name":"fun updateSong(song: Song)","description":"com.example.musicmanager.ui.viewModels.DatabaseViewModel.updateSong","location":"app/com.example.musicmanager.ui.viewModels/-database-view-model/update-song.html","searchKeys":["updateSong","fun updateSong(song: Song)","com.example.musicmanager.ui.viewModels.DatabaseViewModel.updateSong"]},{"name":"fun validate_input(yt_link: String): Boolean","description":"com.example.musicmanager.screens.validate_input","location":"app/com.example.musicmanager.screens/validate_input.html","searchKeys":["validate_input","fun validate_input(yt_link: String): Boolean","com.example.musicmanager.screens.validate_input"]},{"name":"fun valueOf(value: String): SongPlayerService.Actions","description":"com.example.musicmanager.SongPlayerService.Actions.valueOf","location":"app/com.example.musicmanager/-song-player-service/-actions/value-of.html","searchKeys":["valueOf","fun valueOf(value: String): SongPlayerService.Actions","com.example.musicmanager.SongPlayerService.Actions.valueOf"]},{"name":"fun values(): Array<SongPlayerService.Actions>","description":"com.example.musicmanager.SongPlayerService.Actions.values","location":"app/com.example.musicmanager/-song-player-service/-actions/values.html","searchKeys":["values","fun values(): Array<SongPlayerService.Actions>","com.example.musicmanager.SongPlayerService.Actions.values"]},{"name":"inner class SongPlayerBinder : Binder","description":"com.example.musicmanager.SongPlayerService.SongPlayerBinder","location":"app/com.example.musicmanager/-song-player-service/-song-player-binder/index.html","searchKeys":["SongPlayerBinder","inner class SongPlayerBinder : Binder","com.example.musicmanager.SongPlayerService.SongPlayerBinder"]},{"name":"interface AlbumDao","description":"com.example.musicmanager.database.dao.AlbumDao","location":"app/com.example.musicmanager.database.dao/-album-dao/index.html","searchKeys":["AlbumDao","interface AlbumDao","com.example.musicmanager.database.dao.AlbumDao"]},{"name":"interface AuthDataDao","description":"com.example.musicmanager.database.dao.AuthDataDao","location":"app/com.example.musicmanager.database.dao/-auth-data-dao/index.html","searchKeys":["AuthDataDao","interface AuthDataDao","com.example.musicmanager.database.dao.AuthDataDao"]},{"name":"interface SongAlbumCrossDao","description":"com.example.musicmanager.database.dao.SongAlbumCrossDao","location":"app/com.example.musicmanager.database.dao/-song-album-cross-dao/index.html","searchKeys":["SongAlbumCrossDao","interface SongAlbumCrossDao","com.example.musicmanager.database.dao.SongAlbumCrossDao"]},{"name":"interface SongDao","description":"com.example.musicmanager.database.dao.SongDao","location":"app/com.example.musicmanager.database.dao/-song-dao/index.html","searchKeys":["SongDao","interface SongDao","com.example.musicmanager.database.dao.SongDao"]},{"name":"interface StepCountDao","description":"com.example.musicmanager.database.dao.StepCountDao","location":"app/com.example.musicmanager.database.dao/-step-count-dao/index.html","searchKeys":["StepCountDao","interface StepCountDao","com.example.musicmanager.database.dao.StepCountDao"]},{"name":"object AddSongScreen : Screens","description":"com.example.musicmanager.navigation.Screens.AddSongScreen","location":"app/com.example.musicmanager.navigation/-screens/-add-song-screen/index.html","searchKeys":["AddSongScreen","object AddSongScreen : Screens","com.example.musicmanager.navigation.Screens.AddSongScreen"]},{"name":"object AuthScreen : Screens","description":"com.example.musicmanager.navigation.Screens.AuthScreen","location":"app/com.example.musicmanager.navigation/-screens/-auth-screen/index.html","searchKeys":["AuthScreen","object AuthScreen : Screens","com.example.musicmanager.navigation.Screens.AuthScreen"]},{"name":"object Companion","description":"com.example.musicmanager.SongPlayerService.Companion","location":"app/com.example.musicmanager/-song-player-service/-companion/index.html","searchKeys":["Companion","object Companion","com.example.musicmanager.SongPlayerService.Companion"]},{"name":"object Companion","description":"com.example.musicmanager.database.AppDatabase.Companion","location":"app/com.example.musicmanager.database/-app-database/-companion/index.html","searchKeys":["Companion","object Companion","com.example.musicmanager.database.AppDatabase.Companion"]},{"name":"object LocationTrackerScreen : Screens","description":"com.example.musicmanager.navigation.Screens.LocationTrackerScreen","location":"app/com.example.musicmanager.navigation/-screens/-location-tracker-screen/index.html","searchKeys":["LocationTrackerScreen","object LocationTrackerScreen : Screens","com.example.musicmanager.navigation.Screens.LocationTrackerScreen"]},{"name":"object NavigationEventHolder","description":"com.example.musicmanager.navigation.NavigationEventHolder","location":"app/com.example.musicmanager.navigation/-navigation-event-holder/index.html","searchKeys":["NavigationEventHolder","object NavigationEventHolder","com.example.musicmanager.navigation.NavigationEventHolder"]},{"name":"object PlaylistScreen : Screens","description":"com.example.musicmanager.navigation.Screens.PlaylistScreen","location":"app/com.example.musicmanager.navigation/-screens/-playlist-screen/index.html","searchKeys":["PlaylistScreen","object PlaylistScreen : Screens","com.example.musicmanager.navigation.Screens.PlaylistScreen"]},{"name":"object PreferencesKeys","description":"com.example.musicmanager.ui.widgets.PreferencesKeys","location":"app/com.example.musicmanager.ui.widgets/-preferences-keys/index.html","searchKeys":["PreferencesKeys","object PreferencesKeys","com.example.musicmanager.ui.widgets.PreferencesKeys"]},{"name":"object SongControlScreen : Screens","description":"com.example.musicmanager.navigation.Screens.SongControlScreen","location":"app/com.example.musicmanager.navigation/-screens/-song-control-screen/index.html","searchKeys":["SongControlScreen","object SongControlScreen : Screens","com.example.musicmanager.navigation.Screens.SongControlScreen"]},{"name":"object SongScreen : Screens","description":"com.example.musicmanager.navigation.Screens.SongScreen","location":"app/com.example.musicmanager.navigation/-screens/-song-screen/index.html","searchKeys":["SongScreen","object SongScreen : Screens","com.example.musicmanager.navigation.Screens.SongScreen"]},{"name":"object SplashScreen : Screens","description":"com.example.musicmanager.navigation.Screens.SplashScreen","location":"app/com.example.musicmanager.navigation/-screens/-splash-screen/index.html","searchKeys":["SplashScreen","object SplashScreen : Screens","com.example.musicmanager.navigation.Screens.SplashScreen"]},{"name":"object StepCounterScreen : Screens","description":"com.example.musicmanager.navigation.Screens.StepCounterScreen","location":"app/com.example.musicmanager.navigation/-screens/-step-counter-screen/index.html","searchKeys":["StepCounterScreen","object StepCounterScreen : Screens","com.example.musicmanager.navigation.Screens.StepCounterScreen"]},{"name":"open override fun <T : ViewModel> create(modelClass: Class<T>): T","description":"com.example.musicmanager.ui.viewModels.DatabaseViewModelFactory.create","location":"app/com.example.musicmanager.ui.viewModels/-database-view-model-factory/create.html","searchKeys":["create","open override fun <T : ViewModel> create(modelClass: Class<T>): T","com.example.musicmanager.ui.viewModels.DatabaseViewModelFactory.create"]},{"name":"open override fun <T : ViewModel> create(modelClass: Class<T>): T","description":"com.example.musicmanager.ui.viewModels.StepCountViewModelFactory.create","location":"app/com.example.musicmanager.ui.viewModels/-step-count-view-model-factory/create.html","searchKeys":["create","open override fun <T : ViewModel> create(modelClass: Class<T>): T","com.example.musicmanager.ui.viewModels.StepCountViewModelFactory.create"]},{"name":"open override fun onAccuracyChanged(sensor: Sensor?, accuracy: Int)","description":"com.example.musicmanager.StepCounterService.onAccuracyChanged","location":"app/com.example.musicmanager/-step-counter-service/on-accuracy-changed.html","searchKeys":["onAccuracyChanged","open override fun onAccuracyChanged(sensor: Sensor?, accuracy: Int)","com.example.musicmanager.StepCounterService.onAccuracyChanged"]},{"name":"open override fun onBind(intent: Intent?): IBinder","description":"com.example.musicmanager.SongPlayerService.onBind","location":"app/com.example.musicmanager/-song-player-service/on-bind.html","searchKeys":["onBind","open override fun onBind(intent: Intent?): IBinder","com.example.musicmanager.SongPlayerService.onBind"]},{"name":"open override fun onBind(intent: Intent?): IBinder?","description":"com.example.musicmanager.StepCounterService.onBind","location":"app/com.example.musicmanager/-step-counter-service/on-bind.html","searchKeys":["onBind","open override fun onBind(intent: Intent?): IBinder?","com.example.musicmanager.StepCounterService.onBind"]},{"name":"open override fun onCreate()","description":"com.example.musicmanager.SongPlayerService.onCreate","location":"app/com.example.musicmanager/-song-player-service/on-create.html","searchKeys":["onCreate","open override fun onCreate()","com.example.musicmanager.SongPlayerService.onCreate"]},{"name":"open override fun onCreate()","description":"com.example.musicmanager.StepCounterService.onCreate","location":"app/com.example.musicmanager/-step-counter-service/on-create.html","searchKeys":["onCreate","open override fun onCreate()","com.example.musicmanager.StepCounterService.onCreate"]},{"name":"open override fun onDestroy()","description":"com.example.musicmanager.SongPlayerService.onDestroy","location":"app/com.example.musicmanager/-song-player-service/on-destroy.html","searchKeys":["onDestroy","open override fun onDestroy()","com.example.musicmanager.SongPlayerService.onDestroy"]},{"name":"open override fun onDestroy()","description":"com.example.musicmanager.StepCounterService.onDestroy","location":"app/com.example.musicmanager/-step-counter-service/on-destroy.html","searchKeys":["onDestroy","open override fun onDestroy()","com.example.musicmanager.StepCounterService.onDestroy"]},{"name":"open override fun onReceive(context: Context, intent: Intent)","description":"com.example.musicmanager.SongPlayerService.PhoneCallReceiver.onReceive","location":"app/com.example.musicmanager/-song-player-service/-phone-call-receiver/on-receive.html","searchKeys":["onReceive","open override fun onReceive(context: Context, intent: Intent)","com.example.musicmanager.SongPlayerService.PhoneCallReceiver.onReceive"]},{"name":"open override fun onSensorChanged(event: SensorEvent?)","description":"com.example.musicmanager.StepCounterService.onSensorChanged","location":"app/com.example.musicmanager/-step-counter-service/on-sensor-changed.html","searchKeys":["onSensorChanged","open override fun onSensorChanged(event: SensorEvent?)","com.example.musicmanager.StepCounterService.onSensorChanged"]},{"name":"open override fun onStartCommand(intent: Intent?, flags: Int, startId: Int): Int","description":"com.example.musicmanager.SongPlayerService.onStartCommand","location":"app/com.example.musicmanager/-song-player-service/on-start-command.html","searchKeys":["onStartCommand","open override fun onStartCommand(intent: Intent?, flags: Int, startId: Int): Int","com.example.musicmanager.SongPlayerService.onStartCommand"]},{"name":"open override fun onStartCommand(intent: Intent?, flags: Int, startId: Int): Int","description":"com.example.musicmanager.StepCounterService.onStartCommand","location":"app/com.example.musicmanager/-step-counter-service/on-start-command.html","searchKeys":["onStartCommand","open override fun onStartCommand(intent: Intent?, flags: Int, startId: Int): Int","com.example.musicmanager.StepCounterService.onStartCommand"]},{"name":"open override fun onUnbind(intent: Intent?): Boolean","description":"com.example.musicmanager.SongPlayerService.onUnbind","location":"app/com.example.musicmanager/-song-player-service/on-unbind.html","searchKeys":["onUnbind","open override fun onUnbind(intent: Intent?): Boolean","com.example.musicmanager.SongPlayerService.onUnbind"]},{"name":"open override val glanceAppWidget: GlanceAppWidget","description":"com.example.musicmanager.ui.widgets.MusicControlWidgetReceiver.glanceAppWidget","location":"app/com.example.musicmanager.ui.widgets/-music-control-widget-receiver/glance-app-widget.html","searchKeys":["glanceAppWidget","open override val glanceAppWidget: GlanceAppWidget","com.example.musicmanager.ui.widgets.MusicControlWidgetReceiver.glanceAppWidget"]},{"name":"open override val stateDefinition: GlanceStateDefinition<*>","description":"com.example.musicmanager.ui.widgets.MusicControlWidget.stateDefinition","location":"app/com.example.musicmanager.ui.widgets/-music-control-widget/state-definition.html","searchKeys":["stateDefinition","open override val stateDefinition: GlanceStateDefinition<*>","com.example.musicmanager.ui.widgets.MusicControlWidget.stateDefinition"]},{"name":"open suspend override fun onAction(context: Context, glanceId: GlanceId, parameters: ActionParameters)","description":"com.example.musicmanager.ui.widgets.NextAction.onAction","location":"app/com.example.musicmanager.ui.widgets/-next-action/on-action.html","searchKeys":["onAction","open suspend override fun onAction(context: Context, glanceId: GlanceId, parameters: ActionParameters)","com.example.musicmanager.ui.widgets.NextAction.onAction"]},{"name":"open suspend override fun onAction(context: Context, glanceId: GlanceId, parameters: ActionParameters)","description":"com.example.musicmanager.ui.widgets.PlayPauseAction.onAction","location":"app/com.example.musicmanager.ui.widgets/-play-pause-action/on-action.html","searchKeys":["onAction","open suspend override fun onAction(context: Context, glanceId: GlanceId, parameters: ActionParameters)","com.example.musicmanager.ui.widgets.PlayPauseAction.onAction"]},{"name":"open suspend override fun onAction(context: Context, glanceId: GlanceId, parameters: ActionParameters)","description":"com.example.musicmanager.ui.widgets.PreviousAction.onAction","location":"app/com.example.musicmanager.ui.widgets/-previous-action/on-action.html","searchKeys":["onAction","open suspend override fun onAction(context: Context, glanceId: GlanceId, parameters: ActionParameters)","com.example.musicmanager.ui.widgets.PreviousAction.onAction"]},{"name":"open suspend override fun provideGlance(context: Context, id: GlanceId)","description":"com.example.musicmanager.ui.widgets.MusicControlWidget.provideGlance","location":"app/com.example.musicmanager.ui.widgets/-music-control-widget/provide-glance.html","searchKeys":["provideGlance","open suspend override fun provideGlance(context: Context, id: GlanceId)","com.example.musicmanager.ui.widgets.MusicControlWidget.provideGlance"]},{"name":"sealed class Screens","description":"com.example.musicmanager.navigation.Screens","location":"app/com.example.musicmanager.navigation/-screens/index.html","searchKeys":["Screens","sealed class Screens","com.example.musicmanager.navigation.Screens"]},{"name":"suspend fun createAlbum(album: Album)","description":"com.example.musicmanager.database.repositories.AlbumRepository.createAlbum","location":"app/com.example.musicmanager.database.repositories/-album-repository/create-album.html","searchKeys":["createAlbum","suspend fun createAlbum(album: Album)","com.example.musicmanager.database.repositories.AlbumRepository.createAlbum"]},{"name":"suspend fun createSong(song: Song)","description":"com.example.musicmanager.database.Repository.createSong","location":"app/com.example.musicmanager.database/-repository/create-song.html","searchKeys":["createSong","suspend fun createSong(song: Song)","com.example.musicmanager.database.Repository.createSong"]},{"name":"suspend fun createSong(song: Song)","description":"com.example.musicmanager.database.repositories.SongRepository.createSong","location":"app/com.example.musicmanager.database.repositories/-song-repository/create-song.html","searchKeys":["createSong","suspend fun createSong(song: Song)","com.example.musicmanager.database.repositories.SongRepository.createSong"]},{"name":"suspend fun deleteAlbum(album: Album)","description":"com.example.musicmanager.database.repositories.AlbumRepository.deleteAlbum","location":"app/com.example.musicmanager.database.repositories/-album-repository/delete-album.html","searchKeys":["deleteAlbum","suspend fun deleteAlbum(album: Album)","com.example.musicmanager.database.repositories.AlbumRepository.deleteAlbum"]},{"name":"suspend fun deleteCross(songAlbumCross: SongAlbumCross)","description":"com.example.musicmanager.database.repositories.SongAlbumRepository.deleteCross","location":"app/com.example.musicmanager.database.repositories/-song-album-repository/delete-cross.html","searchKeys":["deleteCross","suspend fun deleteCross(songAlbumCross: SongAlbumCross)","com.example.musicmanager.database.repositories.SongAlbumRepository.deleteCross"]},{"name":"suspend fun deleteSong(song: Song)","description":"com.example.musicmanager.database.Repository.deleteSong","location":"app/com.example.musicmanager.database/-repository/delete-song.html","searchKeys":["deleteSong","suspend fun deleteSong(song: Song)","com.example.musicmanager.database.Repository.deleteSong"]},{"name":"suspend fun deleteSong(song: Song)","description":"com.example.musicmanager.database.repositories.SongRepository.deleteSong","location":"app/com.example.musicmanager.database.repositories/-song-repository/delete-song.html","searchKeys":["deleteSong","suspend fun deleteSong(song: Song)","com.example.musicmanager.database.repositories.SongRepository.deleteSong"]},{"name":"suspend fun getAuthData(): AuthData","description":"com.example.musicmanager.ui.viewModels.DatabaseViewModel.getAuthData","location":"app/com.example.musicmanager.ui.viewModels/-database-view-model/get-auth-data.html","searchKeys":["getAuthData","suspend fun getAuthData(): AuthData","com.example.musicmanager.ui.viewModels.DatabaseViewModel.getAuthData"]},{"name":"suspend fun getByQuery(query: String): LiveData<List<Song>>","description":"com.example.musicmanager.database.repositories.SongRepository.getByQuery","location":"app/com.example.musicmanager.database.repositories/-song-repository/get-by-query.html","searchKeys":["getByQuery","suspend fun getByQuery(query: String): LiveData<List<Song>>","com.example.musicmanager.database.repositories.SongRepository.getByQuery"]},{"name":"suspend fun getSongByQuery(query: String): LiveData<List<Song>>","description":"com.example.musicmanager.database.Repository.getSongByQuery","location":"app/com.example.musicmanager.database/-repository/get-song-by-query.html","searchKeys":["getSongByQuery","suspend fun getSongByQuery(query: String): LiveData<List<Song>>","com.example.musicmanager.database.Repository.getSongByQuery"]},{"name":"suspend fun insert(stepCount: StepCount)","description":"com.example.musicmanager.database.repositories.StepCountRepository.insert","location":"app/com.example.musicmanager.database.repositories/-step-count-repository/insert.html","searchKeys":["insert","suspend fun insert(stepCount: StepCount)","com.example.musicmanager.database.repositories.StepCountRepository.insert"]},{"name":"suspend fun insertAuthData(authData: AuthData)","description":"com.example.musicmanager.database.repositories.AuthDataRepository.insertAuthData","location":"app/com.example.musicmanager.database.repositories/-auth-data-repository/insert-auth-data.html","searchKeys":["insertAuthData","suspend fun insertAuthData(authData: AuthData)","com.example.musicmanager.database.repositories.AuthDataRepository.insertAuthData"]},{"name":"suspend fun insertCross(songAlbumCross: SongAlbumCross)","description":"com.example.musicmanager.database.repositories.SongAlbumRepository.insertCross","location":"app/com.example.musicmanager.database.repositories/-song-album-repository/insert-cross.html","searchKeys":["insertCross","suspend fun insertCross(songAlbumCross: SongAlbumCross)","com.example.musicmanager.database.repositories.SongAlbumRepository.insertCross"]},{"name":"suspend fun populateInitialData(stepCountDao: StepCountDao)","description":"com.example.musicmanager.database.AppDatabase.Companion.populateInitialData","location":"app/com.example.musicmanager.database/-app-database/-companion/populate-initial-data.html","searchKeys":["populateInitialData","suspend fun populateInitialData(stepCountDao: StepCountDao)","com.example.musicmanager.database.AppDatabase.Companion.populateInitialData"]},{"name":"suspend fun update(stepCount: StepCount)","description":"com.example.musicmanager.database.repositories.StepCountRepository.update","location":"app/com.example.musicmanager.database.repositories/-step-count-repository/update.html","searchKeys":["update","suspend fun update(stepCount: StepCount)","com.example.musicmanager.database.repositories.StepCountRepository.update"]},{"name":"suspend fun updateAlbum(album: Album)","description":"com.example.musicmanager.database.repositories.AlbumRepository.updateAlbum","location":"app/com.example.musicmanager.database.repositories/-album-repository/update-album.html","searchKeys":["updateAlbum","suspend fun updateAlbum(album: Album)","com.example.musicmanager.database.repositories.AlbumRepository.updateAlbum"]},{"name":"suspend fun updateAuthData(authData: AuthData)","description":"com.example.musicmanager.database.repositories.AuthDataRepository.updateAuthData","location":"app/com.example.musicmanager.database.repositories/-auth-data-repository/update-auth-data.html","searchKeys":["updateAuthData","suspend fun updateAuthData(authData: AuthData)","com.example.musicmanager.database.repositories.AuthDataRepository.updateAuthData"]},{"name":"suspend fun updateCross(songAlbumCross: SongAlbumCross)","description":"com.example.musicmanager.database.repositories.SongAlbumRepository.updateCross","location":"app/com.example.musicmanager.database.repositories/-song-album-repository/update-cross.html","searchKeys":["updateCross","suspend fun updateCross(songAlbumCross: SongAlbumCross)","com.example.musicmanager.database.repositories.SongAlbumRepository.updateCross"]},{"name":"suspend fun updateSong(song: Song)","description":"com.example.musicmanager.database.Repository.updateSong","location":"app/com.example.musicmanager.database/-repository/update-song.html","searchKeys":["updateSong","suspend fun updateSong(song: Song)","com.example.musicmanager.database.Repository.updateSong"]},{"name":"suspend fun updateSong(song: Song)","description":"com.example.musicmanager.database.repositories.SongRepository.updateSong","location":"app/com.example.musicmanager.database.repositories/-song-repository/update-song.html","searchKeys":["updateSong","suspend fun updateSong(song: Song)","com.example.musicmanager.database.repositories.SongRepository.updateSong"]},{"name":"val ARTIST: Preferences.Key<String>","description":"com.example.musicmanager.ui.widgets.PreferencesKeys.ARTIST","location":"app/com.example.musicmanager.ui.widgets/-preferences-keys/-a-r-t-i-s-t.html","searchKeys":["ARTIST","val ARTIST: Preferences.Key<String>","com.example.musicmanager.ui.widgets.PreferencesKeys.ARTIST"]},{"name":"val CURRENT_SONG: Preferences.Key<String>","description":"com.example.musicmanager.ui.widgets.PreferencesKeys.CURRENT_SONG","location":"app/com.example.musicmanager.ui.widgets/-preferences-keys/-c-u-r-r-e-n-t_-s-o-n-g.html","searchKeys":["CURRENT_SONG","val CURRENT_SONG: Preferences.Key<String>","com.example.musicmanager.ui.widgets.PreferencesKeys.CURRENT_SONG"]},{"name":"val Context.dataStore: DataStore<Preferences>","description":"com.example.musicmanager.ui.widgets.dataStore","location":"app/com.example.musicmanager.ui.widgets/data-store.html","searchKeys":["dataStore","val Context.dataStore: DataStore<Preferences>","com.example.musicmanager.ui.widgets.dataStore"]},{"name":"val IS_PLAYING: Preferences.Key<Boolean>","description":"com.example.musicmanager.ui.widgets.PreferencesKeys.IS_PLAYING","location":"app/com.example.musicmanager.ui.widgets/-preferences-keys/-i-s_-p-l-a-y-i-n-g.html","searchKeys":["IS_PLAYING","val IS_PLAYING: Preferences.Key<Boolean>","com.example.musicmanager.ui.widgets.PreferencesKeys.IS_PLAYING"]},{"name":"val LocalDatabaseViewModel: ProvidableCompositionLocal<DatabaseViewModel>","description":"com.example.musicmanager.ui.viewModels.LocalDatabaseViewModel","location":"app/com.example.musicmanager.ui.viewModels/-local-database-view-model.html","searchKeys":["LocalDatabaseViewModel","val LocalDatabaseViewModel: ProvidableCompositionLocal<DatabaseViewModel>","com.example.musicmanager.ui.viewModels.LocalDatabaseViewModel"]},{"name":"val LocalStepCountViewModel: ProvidableCompositionLocal<StepCountViewModel>","description":"com.example.musicmanager.ui.viewModels.LocalStepCountViewModel","location":"app/com.example.musicmanager.ui.viewModels/-local-step-count-view-model.html","searchKeys":["LocalStepCountViewModel","val LocalStepCountViewModel: ProvidableCompositionLocal<StepCountViewModel>","com.example.musicmanager.ui.viewModels.LocalStepCountViewModel"]},{"name":"val MIGRATION_1_2: Migration","description":"com.example.musicmanager.database.migrations.MIGRATION_1_2","location":"app/com.example.musicmanager.database.migrations/-m-i-g-r-a-t-i-o-n_1_2.html","searchKeys":["MIGRATION_1_2","val MIGRATION_1_2: Migration","com.example.musicmanager.database.migrations.MIGRATION_1_2"]},{"name":"val MIGRATION_2_3: Migration","description":"com.example.musicmanager.database.migrations.MIGRATION_2_3","location":"app/com.example.musicmanager.database.migrations/-m-i-g-r-a-t-i-o-n_2_3.html","searchKeys":["MIGRATION_2_3","val MIGRATION_2_3: Migration","com.example.musicmanager.database.migrations.MIGRATION_2_3"]},{"name":"val Pink40: Color","description":"com.example.musicmanager.ui.theme.Pink40","location":"app/com.example.musicmanager.ui.theme/-pink40.html","searchKeys":["Pink40","val Pink40: Color","com.example.musicmanager.ui.theme.Pink40"]},{"name":"val Pink80: Color","description":"com.example.musicmanager.ui.theme.Pink80","location":"app/com.example.musicmanager.ui.theme/-pink80.html","searchKeys":["Pink80","val Pink80: Color","com.example.musicmanager.ui.theme.Pink80"]},{"name":"val Purple40: Color","description":"com.example.musicmanager.ui.theme.Purple40","location":"app/com.example.musicmanager.ui.theme/-purple40.html","searchKeys":["Purple40","val Purple40: Color","com.example.musicmanager.ui.theme.Purple40"]},{"name":"val Purple80: Color","description":"com.example.musicmanager.ui.theme.Purple80","location":"app/com.example.musicmanager.ui.theme/-purple80.html","searchKeys":["Purple80","val Purple80: Color","com.example.musicmanager.ui.theme.Purple80"]},{"name":"val PurpleGrey40: Color","description":"com.example.musicmanager.ui.theme.PurpleGrey40","location":"app/com.example.musicmanager.ui.theme/-purple-grey40.html","searchKeys":["PurpleGrey40","val PurpleGrey40: Color","com.example.musicmanager.ui.theme.PurpleGrey40"]},{"name":"val PurpleGrey80: Color","description":"com.example.musicmanager.ui.theme.PurpleGrey80","location":"app/com.example.musicmanager.ui.theme/-purple-grey80.html","searchKeys":["PurpleGrey80","val PurpleGrey80: Color","com.example.musicmanager.ui.theme.PurpleGrey80"]},{"name":"val Typography: Typography","description":"com.example.musicmanager.ui.theme.Typography","location":"app/com.example.musicmanager.ui.theme/-typography.html","searchKeys":["Typography","val Typography: Typography","com.example.musicmanager.ui.theme.Typography"]},{"name":"val albumId: Int","description":"com.example.musicmanager.database.models.SongAlbumCross.albumId","location":"app/com.example.musicmanager.database.models/-song-album-cross/album-id.html","searchKeys":["albumId","val albumId: Int","com.example.musicmanager.database.models.SongAlbumCross.albumId"]},{"name":"val albums: LiveData<List<Album>>","description":"com.example.musicmanager.database.Repository.albums","location":"app/com.example.musicmanager.database/-repository/albums.html","searchKeys":["albums","val albums: LiveData<List<Album>>","com.example.musicmanager.database.Repository.albums"]},{"name":"val allSongs: LiveData<List<Song>>","description":"com.example.musicmanager.ui.viewModels.DatabaseViewModel.allSongs","location":"app/com.example.musicmanager.ui.viewModels/-database-view-model/all-songs.html","searchKeys":["allSongs","val allSongs: LiveData<List<Song>>","com.example.musicmanager.ui.viewModels.DatabaseViewModel.allSongs"]},{"name":"val applicationScope: CoroutineScope","description":"com.example.musicmanager.MusicManagerApplication.applicationScope","location":"app/com.example.musicmanager/-music-manager-application/application-scope.html","searchKeys":["applicationScope","val applicationScope: CoroutineScope","com.example.musicmanager.MusicManagerApplication.applicationScope"]},{"name":"val artist: String","description":"com.example.musicmanager.database.models.Song.artist","location":"app/com.example.musicmanager.database.models/-song/artist.html","searchKeys":["artist","val artist: String","com.example.musicmanager.database.models.Song.artist"]},{"name":"val audioFocusRequest: AudioFocusRequest","description":"com.example.musicmanager.SongPlayerService.audioFocusRequest","location":"app/com.example.musicmanager/-song-player-service/audio-focus-request.html","searchKeys":["audioFocusRequest","val audioFocusRequest: AudioFocusRequest","com.example.musicmanager.SongPlayerService.audioFocusRequest"]},{"name":"val authDataRepository: AuthDataRepository","description":"com.example.musicmanager.MusicManagerApplication.authDataRepository","location":"app/com.example.musicmanager/-music-manager-application/auth-data-repository.html","searchKeys":["authDataRepository","val authDataRepository: AuthDataRepository","com.example.musicmanager.MusicManagerApplication.authDataRepository"]},{"name":"val database: AppDatabase","description":"com.example.musicmanager.MusicManagerApplication.database","location":"app/com.example.musicmanager/-music-manager-application/database.html","searchKeys":["database","val database: AppDatabase","com.example.musicmanager.MusicManagerApplication.database"]},{"name":"val databaseViewModel: DatabaseViewModel","description":"com.example.musicmanager.MainActivity.databaseViewModel","location":"app/com.example.musicmanager/-main-activity/database-view-model.html","searchKeys":["databaseViewModel","val databaseViewModel: DatabaseViewModel","com.example.musicmanager.MainActivity.databaseViewModel"]},{"name":"val duration: Int","description":"com.example.musicmanager.database.models.Song.duration","location":"app/com.example.musicmanager.database.models/-song/duration.html","searchKeys":["duration","val duration: Int","com.example.musicmanager.database.models.Song.duration"]},{"name":"val entries: EnumEntries<SongPlayerService.Actions>","description":"com.example.musicmanager.SongPlayerService.Actions.entries","location":"app/com.example.musicmanager/-song-player-service/-actions/entries.html","searchKeys":["entries","val entries: EnumEntries<SongPlayerService.Actions>","com.example.musicmanager.SongPlayerService.Actions.entries"]},{"name":"val icon: Painter","description":"com.example.musicmanager.navigation.BottomNavItem.icon","location":"app/com.example.musicmanager.navigation/-bottom-nav-item/icon.html","searchKeys":["icon","val icon: Painter","com.example.musicmanager.navigation.BottomNavItem.icon"]},{"name":"val id: Int = 0","description":"com.example.musicmanager.database.models.Album.id","location":"app/com.example.musicmanager.database.models/-album/id.html","searchKeys":["id","val id: Int = 0","com.example.musicmanager.database.models.Album.id"]},{"name":"val id: Int = 0","description":"com.example.musicmanager.database.models.Song.id","location":"app/com.example.musicmanager.database.models/-song/id.html","searchKeys":["id","val id: Int = 0","com.example.musicmanager.database.models.Song.id"]},{"name":"val id: Int = 1","description":"com.example.musicmanager.database.models.AuthData.id","location":"app/com.example.musicmanager.database.models/-auth-data/id.html","searchKeys":["id","val id: Int = 1","com.example.musicmanager.database.models.AuthData.id"]},{"name":"val id: Int = 1","description":"com.example.musicmanager.database.models.StepCount.id","location":"app/com.example.musicmanager.database.models/-step-count/id.html","searchKeys":["id","val id: Int = 1","com.example.musicmanager.database.models.StepCount.id"]},{"name":"val name: String","description":"com.example.musicmanager.database.models.Album.name","location":"app/com.example.musicmanager.database.models/-album/name.html","searchKeys":["name","val name: String","com.example.musicmanager.database.models.Album.name"]},{"name":"val name: String","description":"com.example.musicmanager.navigation.BottomNavItem.name","location":"app/com.example.musicmanager.navigation/-bottom-nav-item/name.html","searchKeys":["name","val name: String","com.example.musicmanager.navigation.BottomNavItem.name"]},{"name":"val navigateTo: StateFlow<String?>","description":"com.example.musicmanager.navigation.NavigationEventHolder.navigateTo","location":"app/com.example.musicmanager.navigation/-navigation-event-holder/navigate-to.html","searchKeys":["navigateTo","val navigateTo: StateFlow<String?>","com.example.musicmanager.navigation.NavigationEventHolder.navigateTo"]},{"name":"val password: String","description":"com.example.musicmanager.database.models.AuthData.password","location":"app/com.example.musicmanager.database.models/-auth-data/password.html","searchKeys":["password","val password: String","com.example.musicmanager.database.models.AuthData.password"]},{"name":"val pathToFile: String","description":"com.example.musicmanager.database.models.Song.pathToFile","location":"app/com.example.musicmanager.database.models/-song/path-to-file.html","searchKeys":["pathToFile","val pathToFile: String","com.example.musicmanager.database.models.Song.pathToFile"]},{"name":"val recoveryEmail: String","description":"com.example.musicmanager.database.models.AuthData.recoveryEmail","location":"app/com.example.musicmanager.database.models/-auth-data/recovery-email.html","searchKeys":["recoveryEmail","val recoveryEmail: String","com.example.musicmanager.database.models.AuthData.recoveryEmail"]},{"name":"val repository: Repository","description":"com.example.musicmanager.MusicManagerApplication.repository","location":"app/com.example.musicmanager/-music-manager-application/repository.html","searchKeys":["repository","val repository: Repository","com.example.musicmanager.MusicManagerApplication.repository"]},{"name":"val route: String","description":"com.example.musicmanager.navigation.BottomNavItem.route","location":"app/com.example.musicmanager.navigation/-bottom-nav-item/route.html","searchKeys":["route","val route: String","com.example.musicmanager.navigation.BottomNavItem.route"]},{"name":"val route: String","description":"com.example.musicmanager.navigation.Screens.route","location":"app/com.example.musicmanager.navigation/-screens/route.html","searchKeys":["route","val route: String","com.example.musicmanager.navigation.Screens.route"]},{"name":"val screensWithBottomNav: List<String>","description":"com.example.musicmanager.MainActivity.screensWithBottomNav","location":"app/com.example.musicmanager/-main-activity/screens-with-bottom-nav.html","searchKeys":["screensWithBottomNav","val screensWithBottomNav: List<String>","com.example.musicmanager.MainActivity.screensWithBottomNav"]},{"name":"val screensWithoutPlayback: List<String>","description":"com.example.musicmanager.MainActivity.screensWithoutPlayback","location":"app/com.example.musicmanager/-main-activity/screens-without-playback.html","searchKeys":["screensWithoutPlayback","val screensWithoutPlayback: List<String>","com.example.musicmanager.MainActivity.screensWithoutPlayback"]},{"name":"val songAlbumCrosses: LiveData<List<SongAlbumCross>>","description":"com.example.musicmanager.database.Repository.songAlbumCrosses","location":"app/com.example.musicmanager.database/-repository/song-album-crosses.html","searchKeys":["songAlbumCrosses","val songAlbumCrosses: LiveData<List<SongAlbumCross>>","com.example.musicmanager.database.Repository.songAlbumCrosses"]},{"name":"val songId: Int","description":"com.example.musicmanager.database.models.SongAlbumCross.songId","location":"app/com.example.musicmanager.database.models/-song-album-cross/song-id.html","searchKeys":["songId","val songId: Int","com.example.musicmanager.database.models.SongAlbumCross.songId"]},{"name":"val songs: LiveData<List<Song>>","description":"com.example.musicmanager.database.Repository.songs","location":"app/com.example.musicmanager.database/-repository/songs.html","searchKeys":["songs","val songs: LiveData<List<Song>>","com.example.musicmanager.database.Repository.songs"]},{"name":"val stepCount: LiveData<StepCount?>","description":"com.example.musicmanager.database.repositories.StepCountRepository.stepCount","location":"app/com.example.musicmanager.database.repositories/-step-count-repository/step-count.html","searchKeys":["stepCount","val stepCount: LiveData<StepCount?>","com.example.musicmanager.database.repositories.StepCountRepository.stepCount"]},{"name":"val stepCount: LiveData<StepCount?>","description":"com.example.musicmanager.ui.viewModels.StepCountViewModel.stepCount","location":"app/com.example.musicmanager.ui.viewModels/-step-count-view-model/step-count.html","searchKeys":["stepCount","val stepCount: LiveData<StepCount?>","com.example.musicmanager.ui.viewModels.StepCountViewModel.stepCount"]},{"name":"val stepCountRepository: StepCountRepository","description":"com.example.musicmanager.MusicManagerApplication.stepCountRepository","location":"app/com.example.musicmanager/-music-manager-application/step-count-repository.html","searchKeys":["stepCountRepository","val stepCountRepository: StepCountRepository","com.example.musicmanager.MusicManagerApplication.stepCountRepository"]},{"name":"val stepCountViewModel: StepCountViewModel","description":"com.example.musicmanager.MainActivity.stepCountViewModel","location":"app/com.example.musicmanager/-main-activity/step-count-view-model.html","searchKeys":["stepCountViewModel","val stepCountViewModel: StepCountViewModel","com.example.musicmanager.MainActivity.stepCountViewModel"]},{"name":"val title: String","description":"com.example.musicmanager.database.models.Song.title","location":"app/com.example.musicmanager.database.models/-song/title.html","searchKeys":["title","val title: String","com.example.musicmanager.database.models.Song.title"]},{"name":"val toastMessage: LiveData<String>","description":"com.example.musicmanager.ui.viewModels.DatabaseViewModel.toastMessage","location":"app/com.example.musicmanager.ui.viewModels/-database-view-model/toast-message.html","searchKeys":["toastMessage","val toastMessage: LiveData<String>","com.example.musicmanager.ui.viewModels.DatabaseViewModel.toastMessage"]},{"name":"val totalSteps: Int","description":"com.example.musicmanager.database.models.StepCount.totalSteps","location":"app/com.example.musicmanager.database.models/-step-count/total-steps.html","searchKeys":["totalSteps","val totalSteps: Int","com.example.musicmanager.database.models.StepCount.totalSteps"]},{"name":"var currentSong: MutableState<Song>","description":"com.example.musicmanager.SongPlayerService.currentSong","location":"app/com.example.musicmanager/-song-player-service/current-song.html","searchKeys":["currentSong","var currentSong: MutableState<Song>","com.example.musicmanager.SongPlayerService.currentSong"]},{"name":"var currentSongIndex: MutableState<Int>","description":"com.example.musicmanager.SongPlayerService.currentSongIndex","location":"app/com.example.musicmanager/-song-player-service/current-song-index.html","searchKeys":["currentSongIndex","var currentSongIndex: MutableState<Int>","com.example.musicmanager.SongPlayerService.currentSongIndex"]},{"name":"var isplaying: MutableState<Boolean>","description":"com.example.musicmanager.SongPlayerService.isplaying","location":"app/com.example.musicmanager/-song-player-service/isplaying.html","searchKeys":["isplaying","var isplaying: MutableState<Boolean>","com.example.musicmanager.SongPlayerService.isplaying"]},{"name":"var loading: MutableState<Boolean>","description":"com.example.musicmanager.ui.viewModels.AddSongScreenViewModel.loading","location":"app/com.example.musicmanager.ui.viewModels/-add-song-screen-view-model/loading.html","searchKeys":["loading","var loading: MutableState<Boolean>","com.example.musicmanager.ui.viewModels.AddSongScreenViewModel.loading"]},{"name":"var mediaPlayer: MediaPlayer?","description":"com.example.musicmanager.SongPlayerService.mediaPlayer","location":"app/com.example.musicmanager/-song-player-service/media-player.html","searchKeys":["mediaPlayer","var mediaPlayer: MediaPlayer?","com.example.musicmanager.SongPlayerService.mediaPlayer"]},{"name":"var musicService: SongPlayerService?","description":"com.example.musicmanager.MainActivity.musicService","location":"app/com.example.musicmanager/-main-activity/music-service.html","searchKeys":["musicService","var musicService: SongPlayerService?","com.example.musicmanager.MainActivity.musicService"]},{"name":"var onAuthenticated: () -> Unit?","description":"com.example.musicmanager.ui.viewModels.DatabaseViewModel.onAuthenticated","location":"app/com.example.musicmanager.ui.viewModels/-database-view-model/on-authenticated.html","searchKeys":["onAuthenticated","var onAuthenticated: () -> Unit?","com.example.musicmanager.ui.viewModels.DatabaseViewModel.onAuthenticated"]},{"name":"var pendingIntent: Intent?","description":"com.example.musicmanager.MainActivity.pendingIntent","location":"app/com.example.musicmanager/-main-activity/pending-intent.html","searchKeys":["pendingIntent","var pendingIntent: Intent?","com.example.musicmanager.MainActivity.pendingIntent"]},{"name":"var progress: MutableFloatState","description":"com.example.musicmanager.ui.viewModels.AddSongScreenViewModel.progress","location":"app/com.example.musicmanager.ui.viewModels/-add-song-screen-view-model/progress.html","searchKeys":["progress","var progress: MutableFloatState","com.example.musicmanager.ui.viewModels.AddSongScreenViewModel.progress"]},{"name":"var songQueue: MutableList<Song>","description":"com.example.musicmanager.SongPlayerService.songQueue","location":"app/com.example.musicmanager/-song-player-service/song-queue.html","searchKeys":["songQueue","var songQueue: MutableList<Song>","com.example.musicmanager.SongPlayerService.songQueue"]},{"name":"var songStack: MutableList<Song>","description":"com.example.musicmanager.SongPlayerService.songStack","location":"app/com.example.musicmanager/-song-player-service/song-stack.html","searchKeys":["songStack","var songStack: MutableList<Song>","com.example.musicmanager.SongPlayerService.songStack"]},{"name":"var songs: MutableList<Song>","description":"com.example.musicmanager.SongPlayerService.songs","location":"app/com.example.musicmanager/-song-player-service/songs.html","searchKeys":["songs","var songs: MutableList<Song>","com.example.musicmanager.SongPlayerService.songs"]},{"name":"var userAuthenticated: Boolean","description":"com.example.musicmanager.ui.viewModels.DatabaseViewModel.userAuthenticated","location":"app/com.example.musicmanager.ui.viewModels/-database-view-model/user-authenticated.html","searchKeys":["userAuthenticated","var userAuthenticated: Boolean","com.example.musicmanager.ui.viewModels.DatabaseViewModel.userAuthenticated"]},{"name":"var yt_link: MutableState<String>","description":"com.example.musicmanager.ui.viewModels.AddSongScreenViewModel.yt_link","location":"app/com.example.musicmanager.ui.viewModels/-add-song-screen-view-model/yt_link.html","searchKeys":["yt_link","var yt_link: MutableState<String>","com.example.musicmanager.ui.viewModels.AddSongScreenViewModel.yt_link"]}]